email,GitHub Username
z5zhang,hinyzee
j1xu,CharlesXu-Jingyue
ax008777,132309265
ax008724,130117975
ax008707,72211694
nilu,nilu0311
mnodini,mnodini
malkhalifah,Mkhlf
zifeng,wwjasperww
jubamadu,jubamadu
g2hong,gyuj
gsroberts,empire_penguin
cvillafa,villafun
ndnguyen,natenyul
reyang,SideCoin
yiz095,ericzyl
cmcmanig,connormcmanigal
yuz821,65133339
vjayanan,VigneshJ14
crochez,chrishrochez
s3chowdhury,sreetama02
h5he,TaraaHe
jddeleon,Jddeleon1981
ndeepak,cqrnik
shh035,hiiminbush
kpstern,kpstern
phelcl,helclp
jup006,jup006
shw089,50ShadesOfShawn
yic055,Cyl200215
atrapena,ATrapenard
ssuthar,ssutharucsd
rpuranam,hyperburn777
j5zhu,Ju-dyz
mabdilah,mabdilahCSE
jejiang,jennifer-jiang
lskerrett,LukeSkerrett
jsalce,joshsalce
rchaklas,rchaklas
d3yu,d3yu
grader-cogs118a-01,scott-yj-yang
gng,64987902
smtrived,esti28
rkohli,kohlir2020
cantoniohernandez,CristianAH
alvalenc,valenciaaalberto
svirk,AstuteFern
ahewig,aHewig
jsliang,jaysunl
smurase,smurase
g6zhu,g6zhu
nazpeitia,NickAzp
v1lu,404EZRA
jul121,junyuelin
tyap,cookingoil88
e1hu,EthanHu0
qil012,QilunLiu5216
yuche,shendu11
x6he,XiaoyanHe0713
xiw013,xiw013
mvfang,MoMo339610
j6wen,willwen96
s2malik,notSaranshMalik
vspillai,vinaypillai
jmvillal,Juan2002V
zmao,demimao
ajcagle,ajcagle8
y3guo,122977555
ax008573,thaiscodafond
sbodhisartha,AnyaBoo
ktnakai,kylenakai
e1dong,e81786
nyanekch,10285923
akaji,ashesh8500
xiz031,Andrina-iris
kechen,kchen283
wolee,wj6801
ruc003,RafferyChen
